Title,Category,Priority,Status,Description,Effort,Dependencies,Estimated Revenue Potential,Implementation Timeline,User Value
DCA Automation Service,Monetization,P1-High,to_do,"Premium feature: automate dollar-cost averaging purchases through integrated exchanges. Charge 0.5-1% fee per automated transaction or $9.99/month subscription. Massive convenience value",high,"Exchange API integrations, payment processing","$50-200k/year at scale",Q2-Q3,"Set and forget investing strategy"
Portfolio Rebalancing Alerts,Monetization,P1-High,to_do,"AI-powered alerts when portfolio drifts from target allocation. Free users get monthly alerts, premium gets real-time with automatic rebalancing recommendations",medium,"Portfolio tracking, AI integration","$30-100k/year",Q1-Q2,"Maintain optimal risk/reward ratio"
Whale Wallet Tracking,Monetization,P2-Medium,to_do,"Track and get alerts on major wallet movements (whales). Free users see delayed data, premium gets real-time whale alerts. $19.99/month premium tier feature",high,"Blockchain analysis API","$100-300k/year at scale",Q2-Q3,"Early warning system for market movements"
Custom Trading Indicators,Monetization,P2-Medium,to_do,"Premium charting with RSI, MACD, Bollinger Bands, and custom indicator creation. Free users get basic candlestick charts only",medium,"Advanced charting library","$20-80k/year",Q1-Q2,"Professional-grade technical analysis"
Portfolio Insurance Marketplace,Monetization,P1-High,to_do,"Partner with crypto insurance providers (Nexus Mutual, InsurAce). Users buy coverage through platform, earn 5-15% commission. High-value transactions",high,"Insurance partnerships, compliance","$200k-1M/year potential",Q3-Q4,"Protect against hacks and losses"
Staking Rewards Calculator (Premium),Monetization,P2-Medium,to_do,"Free users get basic staking calculator. Premium shows optimal staking strategies across multiple platforms with APY optimization and auto-compound projections",medium,"Staking platform APIs","$15-60k/year",Q1,"Maximize passive income"
Smart Contract Audit Access,Monetization,P1-High,to_do,"Partner with audit firms to offer discounted smart contract audits to users launching projects. Take 10-20% commission on $5k-50k audits",medium,"Audit firm partnerships","$50-500k/year",Q2-Q3,"Security for DeFi participants"
Tax Loss Harvesting Tool,Monetization,P0-Critical,to_do,"Identify opportunities to sell losing positions for tax benefits then repurchase. Premium feature at $49-99/year or included in top tier. Huge value during market downturns",high,"Tax software integration, portfolio data","$100-500k/year",Q1-Q2,"Save thousands on taxes"
Multi-Exchange Portfolio Aggregation,Monetization,P1-High,to_do,"Auto-sync portfolios across Coinbase, Binance, Kraken via API. Free users manual entry only, premium gets automatic syncing for unlimited exchanges",medium,"Multiple exchange APIs","$80-250k/year",Q1-Q2,"Complete portfolio visibility"
Crypto Lending/Borrowing Comparison,Monetization,P1-High,to_do,"Compare rates across lending platforms (Aave, Compound, Celsius). Get affiliate commissions when users sign up. $500-5000 per referred depositor",medium,"Lending platform partnerships","$150-600k/year",Q2,"Maximize yield on holdings"
NFT Portfolio Tracking (Premium),Monetization,P2-Medium,to_do,"Track NFT holdings with floor price monitoring and rarity analytics. Premium feature given NFT market size. $14.99/month add-on or bundled",high,"NFT marketplace APIs, rarity tools","$40-200k/year",Q2-Q3,"Track digital collectibles value"
Social Trading / Copy Portfolio,Monetization,P1-High,to_do,"Users can publish their portfolios, others can copy allocation for $9.99/month. Original users earn 20% of subscription. Creates content and retention",high,"Social features, legal compliance","$100-400k/year",Q3-Q4,"Learn from successful investors"
On-Chain Analytics Dashboard,Monetization,P1-High,to_do,"Advanced metrics: network activity, miner flows, exchange inflows/outflows. Free users get basic metrics, premium gets pro analytics. $29.99/month tier",high,"Blockchain data providers (Glassnode, etc)","$200-800k/year at scale",Q2-Q3,"Institutional-grade market intelligence"
Price Prediction Tournament,Monetization,P2-Medium,to_do,"Monthly price prediction contests with entry fees ($5-20). Winners split 70% of pot, platform keeps 30%. Gamification drives engagement",medium,"Contest platform, payment processing","$20-100k/year",Q2,"Fun community engagement with prizes"
API Access for Developers,Monetization,P2-Medium,to_do,"Offer API access to portfolio tracking and market data. Tiered pricing: $49/month (10k calls), $199/month (100k calls), custom enterprise pricing",medium,"API infrastructure, rate limiting","$50-300k/year",Q2,"Build custom integrations"
Premium Research Newsletter,Monetization,P1-High,to_do,"Weekly deep-dive market analysis and coin research by in-house or partner analysts. $19.99/month standalone or bundled with top tier",medium,"Content team or partnerships","$100-400k/year",Q1-Q2,"Expert insights and analysis"
Masterclass Series,Monetization,P1-High,to_do,"Monthly live webinars with crypto experts, investors, founders. $29 per class or $99/month unlimited access. Recording access for premium members",medium,"Video platform, speaker partnerships","$60-250k/year",Q2,"Learn from industry leaders"
Legacy Planning Service,Monetization,P2-Medium,to_do,"Help users create plans to pass crypto assets to heirs. Partner with estate planning services. $199-499 one-time fee, earn 30% commission",high,"Legal partnerships, compliance","$40-200k/year",Q3-Q4,"Secure family's financial future"
Fear & Greed Index Pro,Monetization,P2-Medium,to_do,"Enhanced sentiment analysis with custom indicators, historical correlations, and predictive models. Free users see basic index, premium gets pro version",medium,"Data analytics, ML models","$25-100k/year",Q2,"Better market timing decisions"
Portfolio Benchmarking,Monetization,P2-Medium,to_do,"Compare portfolio performance against market indices and peer groups. Free users see basic comparisons, premium gets detailed analytics and percentile rankings",medium,"Analytics engine, anonymized user data","$30-120k/year",Q1-Q2,"Understand relative performance"
Crypto Credit Score,Monetization,P1-High,to_do,"Generate creditworthiness score based on on-chain history. Helps users get better rates on loans. Sell data to lenders (anonymized/permissioned). $5-10 per score",high,"Credit scoring model, partnerships","$100-500k/year",Q3-Q4,"Access to better loan terms"
Hardware Wallet Integration (Premium),Monetization,P2-Medium,to_do,"Direct integration with Ledger/Trezor to track cold storage. Premium feature at $14.99/month or bundled. Partner affiliate revenue from hardware sales",medium,"Hardware wallet APIs, partnerships","$40-150k/year",Q2,"Secure portfolio tracking"
Gas Fee Optimizer,Monetization,P2-Medium,to_do,"Predict optimal times for Ethereum transactions to minimize gas fees. Free users get basic predictions, premium gets real-time optimization and alerts",medium,"Gas fee analytics, prediction models","$20-80k/year",Q2,"Save on transaction costs"
DeFi Yield Aggregator,Monetization,P1-High,to_do,"Compare yield farming opportunities across protocols. Show APY, risks, and impermanent loss calculations. Earn affiliate fees from protocol integrations",high,"DeFi protocol integrations","$150-600k/year",Q3,"Maximize DeFi returns"
Charitable Giving Platform,Monetization,P3-Low,to_do,"Facilitate crypto donations to verified charities. Take 2-5% processing fee (lower than traditional). Tax receipt generation included. Feel-good feature builds brand",medium,"Charity partnerships, tax integration","$10-50k/year",Q3,"Tax-efficient giving"
Early Access to New Listings,Monetization,P2-Medium,to_do,"Premium members get early alerts and analysis for new exchange listings. Can front-run public announcements (ethically). $24.99/month premium perk",low,"Exchange partnerships, monitoring","$60-200k/year",Q1-Q2,"First-mover advantage on opportunities"
Portfolio Stress Testing,Monetization,P2-Medium,to_do,"Simulate portfolio performance under various market scenarios (crashes, bull runs, regulations). Premium feature for risk-conscious investors",medium,"Monte Carlo simulation engine","$30-100k/year",Q2,"Prepare for market volatility"
Automated Tax Document Generation,Monetization,P0-Critical,to_do,"Auto-generate IRS Form 8949 and supporting documents. Free users manual CSV, premium gets formatted documents. $29-79/year during tax season",medium,"Tax calculation engine, PDF generation","$150-600k/year",Q1,"Stress-free tax filing"
Mobile App Premium Features,Monetization,P1-High,to_do,"Mobile-exclusive features: widget portfolio view, Face ID security, push notifications, offline mode. Drive mobile subscriptions at $7.99/month",high,"Native mobile development","$100-400k/year",Q2-Q3,"On-the-go portfolio management"
White-Label Platform Licensing,Monetization,P2-Medium,to_do,"License platform to banks, credit unions, financial advisors wanting crypto offering. $5k-50k/month per license depending on size. Enterprise revenue",very high,"Multi-tenant architecture, compliance","$500k-5M/year potential",Q4+,"B2B revenue stream"
Risk Assessment Quiz (Lead Gen),Monetization,P2-Medium,to_do,"Free interactive quiz assesses risk tolerance, recommends portfolio allocation. Sponsored by exchanges who pay for qualified leads. $10-50 per lead",low,"Quiz engine, exchange partnerships","$40-200k/year",Q1,"Personalized investment guidance"
Founder/Team Verification Badge,Monetization,P2-Medium,to_do,"Crypto projects pay for verified badge showing team is real and vetted. $500-2000 one-time fee. Builds trust in platform curation",medium,"KYC process, verification workflow","$30-150k/year",Q2-Q3,"Trust signal for users researching projects"
Smart Alert Bundles,Monetization,P2-Medium,to_do,"Pre-configured alert packages: 'Bull Run Signals', 'Crash Protection', 'DeFi Opportunities'. $4.99-9.99/month per bundle. Easier than configuring individually",low,"Alert system, templating","$25-100k/year",Q1,"Curated alert strategies"
Crypto Retirement Calculator (Premium),Monetization,P1-High,to_do,"Model crypto allocation in retirement portfolio with Monte Carlo projections, tax implications, withdrawal strategies. Premium at $99/year or bundled",medium,"Financial modeling, tax calculations","$50-200k/year",Q2,"Plan for long-term wealth"
Influencer Verification Program,Monetization,P2-Medium,to_do,"Verify crypto influencers' actual portfolio performance vs claims. Users pay $2.99/month for transparency. Influencers pay $49/month for verified badge",medium,"Verification system, social integrations","$30-150k/year",Q2-Q3,"Trust but verify influencer claims"

